input_text,expected_output
"What is the mission of RIPITT Foundation's R&D?","At RIPITT Foundation, we are committed to pushing the boundaries of knowledge and innovation through our Research and Development (R&D) initiatives."
"How does RIPITT Foundation's R&D contribute to education?","Our R&D activities are at the forefront of driving positive change in education and beyond."
"What are the focus areas of RIPITT Foundation's R&D?","The focus areas include pushing the boundaries of knowledge and innovation through various R&D activities."
"What kind of change does RIPITT Foundation's R&D aim to drive?","RIPITT Foundation's R&D aims to drive positive change in education and other sectors."
"Can you provide an overview of RIPITT Foundation's R&D services?","Here's an overview of our R&D service offerings:"
"What type of research projects does RIPITT Foundation undertake?","We undertake cutting-edge research projects aimed at addressing real-world challenges in education and technology."
"What approach does RIPITT Foundation use in its research projects?","Our interdisciplinary approach fosters creativity and collaboration, leading to innovative solutions with tangible impact."
"How does RIPITT Foundation's research address real-world challenges?","By focusing on education and technology, our research projects aim to provide innovative solutions to these challenges."
"What is the goal of the research projects at RIPITT Foundation?","The goal is to address real-world challenges and create innovative solutions with tangible impact."
"How does RIPITT Foundation ensure the effectiveness of its research projects?","Through an interdisciplinary approach that fosters creativity and collaboration."
"With whom does RIPITT Foundation collaborate for research projects?","We collaborate with leading academic institutions, industry partners, and government agencies."
"What is the purpose of RIPITT Foundation's collaborative partnerships?","To leverage collective expertise and resources to tackle complex problems and drive meaningful outcomes."
"How do RIPITT Foundation's partnerships benefit society?","These partnerships enable us to tackle complex problems and drive meaningful outcomes that benefit society."
"What types of partners does RIPITT Foundation work with?","We work with academic institutions, industry partners, and government agencies."
"How do collaborative partnerships enhance RIPITT Foundation's research?","They enable us to leverage collective expertise and resources to address complex problems more effectively."
"What technology solutions does RIPITT Foundation develop?","RIPITT Foundation develops technology solutions tailored to the needs of education, industry, and society, including software applications and hardware prototypes."
"How does RIPITT Foundation translate research findings into practical solutions?","Our team excels in translating research findings into practical technology solutions, from software applications to hardware prototypes."
"What support does RIPITT Foundation provide to startups?","We provide support and mentorship to startups and entrepreneurs working on innovative projects through our incubation ecosystem."
"How does RIPITT Foundation support early-stage ideas?","Our incubation ecosystem nurtures early-stage ideas and facilitates their journey from conception to market entry."
"What is the focus of RIPITT Foundation's academic collaborations?","We collaborate with academic institutions worldwide to foster research exchange programs and joint initiatives."
"How do RIPITT Foundation's academic collaborations contribute to education and technology?","These collaborations enhance knowledge sharing and contribute to the advancement of education and technology."
"What role does RIPITT Foundation play in thought leadership?","RIPITT Foundation is a thought leader in education research and development, contributing through publications, presentations, and conferences."
"How does RIPITT Foundation contribute to global discourse on education innovation?","Through our publications, presentations, and participation in conferences, we contribute to the global discourse on education innovation."
"What opportunities are available for getting involved with RIPITT Foundation?","There are numerous ways to get involved, including collaboration opportunities, funding opportunities, and research projects."
"How can individuals learn more about collaboration opportunities at RIPITT Foundation?","Contact us to learn more about collaboration opportunities, funding opportunities, and research projects."
"What services does the Techfront Incubation Center offer to startups?","Our incubation program offers comprehensive support services tailored to the unique needs of startups in Bhubaneswar and beyond."
"What facilities are available at the Techfront Incubation Center?","Entrepreneurs have access to state-of-the-art facilities including co-working spaces, prototyping labs, and meeting rooms equipped with the latest technology."
"How does the Techfront Incubation Center support startup growth?","We leverage strategic partnerships with local industry leaders, investors, and academic institutions to create opportunities for startups, providing valuable resources, expertise, and market opportunities."
"What types of programs and workshops are offered at the Techfront Incubation Center?","The Techfront Incubation Center offers tailored programs and workshops on business development, marketing strategies, and legal compliance."
"How can entrepreneurs get involved with the Techfront Incubation Center?","Entrepreneurs can join the Techfront Incubation Center to take advantage of our resources, expertise, and network to accelerate their startup journey and transform their vision into reality."
"How does RIPITT Foundation facilitate technology transfer?","We forge strategic partnerships with industry leaders, government agencies, and academic institutions to facilitate technology transfer through collaborative initiatives and knowledge-sharing platforms."
"What support does RIPITT Foundation provide for managing intellectual property?","Our team assists researchers and inventors in managing their intellectual property rights, including patents, copyrights, and trademarks, and provides guidance on licensing agreements and protection strategies."
"How does RIPITT Foundation support the commercialization of innovations?","We offer commercialization support services including market research, product development, funding opportunities, and marketing strategies to help bring innovations to market."
"What are technology showcases and demonstrations at RIPITT Foundation?","We organize events to highlight innovative solutions developed through our research programs, providing industry stakeholders, investors, and potential collaborators the chance to witness the impact of our technologies and explore potential partnerships."
"How does RIPITT Foundation contribute to the entrepreneurial ecosystem?","We actively foster collaboration, innovation, and entrepreneurship through initiatives such as startup incubation, mentorship programs, and networking events to support the growth and success of technology-driven ventures."
"What is the purpose of RIPITT Foundation's Technology Transfer program?","The purpose is to bridge the gap between cutting-edge research and real-world applications, ensuring that groundbreaking innovations reach the people who need them most."
"What does RIPITT Foundation's commercialization support include?","Commercialization support includes market research, product development, funding opportunities, and marketing strategies."
"How does RIPITT Foundation assist with technology commercialization?","We provide comprehensive assistance throughout the commercialization process, from market research to product development and beyond."
"What types of events does RIPITT Foundation organize for technology transfer?","We organize technology showcases and demonstrations to highlight innovative solutions and explore potential partnerships with industry stakeholders and investors."
"What kind of training programs does RIPITT Foundation offer?","We offer capacity building programs and training workshops on topics such as technology commercialization, intellectual property management, and business development."
"What is the role of MoUs at RIPITT Foundation?","MoUs serve as the cornerstone of our strategic partnerships, enabling us to collaborate with organizations, institutions, and agencies to address complex challenges and seize opportunities for growth."
"How do MoUs facilitate collaboration at RIPITT Foundation?","By forming strategic partnerships with various entities, our MoUs enable us to join forces to drive innovation and address complex challenges."
"What benefits do organizations gain from partnering with RIPITT Foundation through MoUs?","Organizations benefit from collaborative efforts to address challenges, access new opportunities, and drive innovation."
"What types of entities does RIPITT Foundation partner with through MoUs?","We partner with organizations, institutions, and agencies to drive innovation and foster progress."
"How do MoUs contribute to the growth of RIPITT Foundation's initiatives?","MoUs enable us to join forces with various partners to address challenges and seize growth opportunities, thereby driving impact and progress."
"What types of organizations does RIPITT Foundation form strategic alliances with?","RIPITT Foundation establishes strategic alliances with industry leaders, academic institutions, government agencies, and non-profit organizations through MoUs."
"How do MoUs support joint research initiatives at RIPITT Foundation?","MoUs facilitate joint research initiatives by fostering collaboration and knowledge-sharing between RIPITT Foundation and partner organizations."
"What role do MoUs play in technology transfer and commercialization at RIPITT Foundation?","MoUs often include provisions for technology transfer and commercialization, allowing the development and market introduction of innovative solutions."
"What opportunities are provided through MoUs for capacity building and knowledge exchange?","MoUs provide opportunities for training, workshops, and academic exchange programs to enhance capabilities and drive innovation."
"How do MoUs contribute to policy advocacy and thought leadership at RIPITT Foundation?","MoUs offer a platform for joint advocacy efforts and thought leadership initiatives to shape policies that support research, entrepreneurship, and technology adoption."
"What is the global impact of MoUs for RIPITT Foundation?","MoUs facilitate global engagement and collaboration, allowing RIPITT Foundation to extend its reach and impact, addressing global challenges and driving positive change."
"How does RIPITT Foundation use MoUs to leverage expertise and resources?","Through MoUs, RIPITT Foundation leverages collective expertise, resources, and networks from strategic alliances to tackle critical issues and drive change."
"In what ways do MoUs enhance innovation through joint research?","By pooling research capabilities and resources, MoUs accelerate the pace of innovation and lead to significant advancements in key areas of interest."
"What mechanisms are used in MoUs to facilitate technology transfer?","Licensing agreements, joint ventures, and other mechanisms are used in MoUs to facilitate the transfer of intellectual property and promote technology adoption."
"How can organizations get involved with RIPITT Foundation through MoUs?","Organizations can explore partnership opportunities through MoUs to forge strategic alliances, drive innovation, and create a better future together."
"What is the purpose of RIPITT Foundation's Academic Writing Support Services?","The purpose is to empower scholars, researchers, and educators by offering expert guidance and comprehensive support throughout the writing process."
"How does RIPITT Foundation assist scholars through its consultancy services?","RIPITT Foundation provides expert guidance and support to scholars, researchers, and educators to help them achieve academic excellence."
"What type of impact does RIPITT Foundation aim to make with its Academic Writing Support Services?","The aim is to advance research, disseminate knowledge, and make a significant impact in academia through effective academic writing."
"What does RIPITT Foundation offer in its Academic Writing Support Services?","RIPITT Foundation offers expert guidance and comprehensive support throughout the writing process to help scholars, researchers, and educators."
"How can RIPITT Foundation's consultancy services contribute to academic excellence?","By providing expert guidance and comprehensive support, RIPITT Foundation's consultancy services help scholars and researchers achieve academic excellence."
"What do personalized writing consultations at RIPITT Foundation involve?","Seasoned consultants provide tailored consultations to help develop clear, concise, and impactful academic writing, including refining research questions, structuring manuscripts, and perfecting prose."
"How can RIPITT Foundation's consultants help with academic writing?","They offer valuable feedback and guidance to elevate your academic work by refining research questions, structuring manuscripts, and perfecting prose."
"What services are included in RIPITT Foundation's manuscript review and editing?","The services include meticulous manuscript review and editing to enhance the quality and clarity of research papers, articles, theses, and dissertations."
"How does RIPITT Foundation ensure high standards in manuscript editing?","Professional editors ensure your writing adheres to the highest standards of academic integrity and coherence, boosting the overall impact of your work."
"What is the goal of the personalized writing consultations at RIPITT Foundation?","The goal is to help you develop clear, concise, and impactful academic writing by offering tailored feedback and guidance on various aspects of your work."
"How does RIPITT Foundation’s editing service impact academic papers?","The meticulous review and editing services enhance the quality and clarity of academic papers, ensuring adherence to academic standards and boosting the overall impact of the work."
"Can RIPITT Foundation help with structuring manuscripts?","Yes, our consultants offer guidance on structuring manuscripts to ensure clarity and coherence in your academic writing."
"What aspects of academic writing are covered in personalized consultations?","Personalized consultations cover refining research questions, structuring manuscripts, and perfecting prose to elevate the quality of your academic work."
"How does the comprehensive manuscript review benefit research papers?","The comprehensive manuscript review benefits research papers by improving their quality and clarity, ensuring they meet academic standards and have a greater impact."
"What type of feedback can you expect from RIPITT Foundation's writing consultants?","You can expect valuable feedback and guidance tailored to developing clear, concise, and impactful academic writing."
"What does RIPITT Foundation's Strategic Research Proposal Development include?","Our consultants assist in crafting compelling research proposals, grant applications, and funding requests by helping you articulate research objectives, methodologies, and outcomes effectively."
"How can RIPITT Foundation help with research proposal development?","RIPITT Foundation helps in crafting compelling research proposals, grant applications, and funding requests by effectively articulating research objectives, methodologies, and outcomes."
"What support does RIPITT Foundation offer for literature reviews?","We provide expert support in conducting comprehensive literature reviews, including identifying relevant literature, synthesizing existing research, and critically analyzing scholarly works."
"How does RIPITT Foundation assist with citation and referencing?","We offer guidance on citing sources, formatting references, and adhering to various academic citation styles such as APA, MLA, Chicago, and Harvard, ensuring accuracy and consistency in your work."
"What types of academic writing workshops and resources does RIPITT Foundation offer?","We organize workshops, seminars, and training sessions on topics such as research writing, manuscript preparation, and publication strategies, and provide online resources, writing guides, and templates."
"What are the benefits of Strategic Research Proposal Development services at RIPITT Foundation?","The benefits include enhanced chances of securing essential funding and support by crafting compelling research proposals, grant applications, and funding requests with clear objectives and methodologies."
"How can RIPITT Foundation's consultants aid in literature review?","Our consultants guide you in identifying relevant literature, synthesizing existing research, and critically analyzing scholarly works to enrich your research papers and projects."
"What citation styles can RIPITT Foundation help with?","We help with various citation styles including APA, MLA, Chicago, and Harvard, providing guidance on citing sources and formatting references."
"What kinds of workshops are organized by RIPITT Foundation for academic writing?","Workshops cover research writing, manuscript preparation, publication strategies, and include online resources, writing guides, and templates to support academic writing."
"How can RIPITT Foundation’s consultancy services support graduate students and researchers?","Our consultancy services support graduate students, faculty members, and researchers by offering expert guidance in proposal development, literature reviews, citation, referencing, and academic writing workshops."
"What services does RIPITT Foundation offer for Intellectual Property Rights?","We offer Intellectual Property Rights Consulting Services to assist scholars, researchers, and creators in navigating IP law and leveraging their intellectual assets."
"How can RIPITT Foundation help with intellectual property rights?","We assist in protecting innovations and enhancing their value by providing guidance on navigating IP law and maximizing the potential of intellectual assets."
"What is the focus of RIPITT Foundation's Intellectual Property Rights Consulting Services?","Our focus is on protecting innovations, navigating the complexities of IP law, and helping scholars, researchers, and creators leverage their intellectual assets effectively."
"What role does intellectual property play according to RIPITT Foundation?","Intellectual property plays a critical role in safeguarding innovations and enhancing their value, and our services are designed to help manage and protect these assets."
"Who can benefit from RIPITT Foundation’s IP consulting services?","Scholars, researchers, and creators can benefit from our IP consulting services, which help in navigating IP law and leveraging intellectual assets to their fullest potential."
"What support does RIPITT Foundation provide for managing intellectual property?","We provide support in managing intellectual property through consulting services that assist in protecting innovations, understanding IP law, and maximizing the potential of intellectual assets."
"How does RIPITT Foundation help in navigating IP law?","We offer guidance to help scholars, researchers, and creators understand and navigate the complexities of intellectual property law."
"What is the goal of the Intellectual Property Rights Consulting Services at RIPITT Foundation?","The goal is to protect innovations, enhance their value, and assist clients in navigating IP law and leveraging their intellectual assets."
"How does RIPITT Foundation assist in leveraging intellectual assets?","We assist in leveraging intellectual assets by providing expert consulting services that help in understanding IP rights, protecting innovations, and maximizing their potential."
"What types of clients benefit from RIPITT Foundation's intellectual property services?","Clients such as scholars, researchers, and creators benefit from our services by receiving help with protecting their innovations and navigating intellectual property law."
"What is Strategic IP Guidance provided by RIPITT Foundation?","Our experts offer personalized consultations to help you understand and navigate intellectual property rights, including advice on patents, trademarks, copyrights, and trade secrets."
"What services are included in IP Portfolio Management at RIPITT Foundation?","We provide IP portfolio management services including audits, evaluations, and strategy development to ensure your intellectual assets are protected and aligned with your goals."
"How does RIPITT Foundation assist with patent and trademark services?","Our consultants guide you through the patent and trademark application processes, including drafting and filing applications, responding to examiner queries, and managing IP disputes."
"What support does RIPITT Foundation offer for copyright protection and licensing?","We assist with securing copyright protection for your creative works, navigating licensing agreements, registration, licensing negotiations, and enforcement of copyright rights."
"What is included in IP Compliance and Risk Management services at RIPITT Foundation?","We offer guidance on compliance with IP laws and regulations, help avoid infringement issues, manage IP-related risks, and implement strategies to mitigate potential risks."
"What do Innovation and IP Strategy Workshops at RIPITT Foundation cover?","Our workshops and seminars focus on intellectual property management and innovation strategies, offering insights into IP law, protection strategies, and best practices for leveraging intellectual assets."
"How does RIPITT Foundation help with understanding IP rights through Strategic IP Guidance?","We provide personalized consultations to help you understand various aspects of intellectual property rights, including patents, trademarks, copyrights, and trade secrets."
"What does IP Portfolio Management involve at RIPITT Foundation?","It involves developing and managing your IP portfolio with services like IP audits, evaluations, and strategy development to ensure your intellectual assets are well-protected."
"Can RIPITT Foundation assist with both patent and trademark applications?","Yes, we guide you through the entire patent and trademark application process, from drafting and filing to handling examiner queries and managing disputes."
"What type of support does RIPITT Foundation provide for copyright protection?","We offer support in securing copyright protection, including registration, licensing negotiations, and enforcement of your rights to safeguard your creative works."
"What is the purpose of IP Compliance and Risk Management services?","The purpose is to ensure compliance with IP laws, avoid infringement issues, manage risks, and implement strategies to mitigate potential IP-related risks effectively."
"Do RIPITT Foundation's Innovation and IP Strategy Workshops provide practical insights?","Yes, they offer practical insights into intellectual property management, IP law, protection strategies, and best practices for leveraging your intellectual assets."
"What is Strategic IP Guidance provided by RIPITT Foundation?","Our experts offer personalized consultations to help you understand and navigate intellectual property rights, including advice on patents, trademarks, copyrights, and trade secrets."
"What services are included in IP Portfolio Management at RIPITT Foundation?","We provide IP portfolio management services including audits, evaluations, and strategy development to ensure your intellectual assets are protected and aligned with your goals."
"How does RIPITT Foundation assist with patent and trademark services?","Our consultants guide you through the patent and trademark application processes, including drafting and filing applications, responding to examiner queries, and managing IP disputes."
"What support does RIPITT Foundation offer for copyright protection and licensing?","We assist with securing copyright protection for your creative works, navigating licensing agreements, registration, licensing negotiations, and enforcement of copyright rights."
"What is included in IP Compliance and Risk Management services at RIPITT Foundation?","We offer guidance on compliance with IP laws and regulations, help avoid infringement issues, manage IP-related risks, and implement strategies to mitigate potential risks."
"What do Innovation and IP Strategy Workshops at RIPITT Foundation cover?","Our workshops and seminars focus on intellectual property management and innovation strategies, offering insights into IP law, protection strategies, and best practices for leveraging intellectual assets."
"How does RIPITT Foundation help with understanding IP rights through Strategic IP Guidance?","We provide personalized consultations to help you understand various aspects of intellectual property rights, including patents, trademarks, copyrights, and trade secrets."
"What does IP Portfolio Management involve at RIPITT Foundation?","It involves developing and managing your IP portfolio with services like IP audits, evaluations, and strategy development to ensure your intellectual assets are well-protected."
"Can RIPITT Foundation assist with both patent and trademark applications?","Yes, we guide you through the entire patent and trademark application process, from drafting and filing to handling examiner queries and managing disputes."
"What type of support does RIPITT Foundation provide for copyright protection?","We offer support in securing copyright protection, including registration, licensing negotiations, and enforcement of your rights to safeguard your creative works."
"What is the purpose of IP Compliance and Risk Management services?","The purpose is to ensure compliance with IP laws, avoid infringement issues, manage risks, and implement strategies to mitigate potential IP-related risks effectively."
"Do RIPITT Foundation's Innovation and IP Strategy Workshops provide practical insights?","Yes, they offer practical insights into intellectual property management, IP law, protection strategies, and best practices for leveraging your intellectual assets."
"How can RIPITT Foundation support me in protecting and managing my intellectual property?","Whether you’re developing new technologies, creating original content, or managing a diverse IP portfolio, RIPITT Foundation’s consulting services are here to support you. We help you protect, manage, and maximize the potential of your intellectual property."
"How does RIPITT Foundation help transform innovations into secured assets?","RIPITT Foundation provides expert guidance to safeguard your creations and drive their success, helping you transform your innovations into secured assets."
"Contact email for RIPITT Foundation?","ripitt@iiit-bh.ac.in"
"Contact number for RIPITT Foundation?","+918316436500"
"Location of RIPITT Foundation?","B104, IIIT Bhubaneswar, Gothapatna, Odisha, India 751003"
"Working hours for RIPITT Foundation?","Monday - Friday (10:00 am to 5:00 pm)"
"Working days for RIPITT Foundation?","Saturday - Sunday (12:00 am to 6:00 pm)"
"Message from CEO","Dear Visitors, Welcome to the RIPITT Foundation at IIIT Bhubaneswar. As a Section 8 company, we are dedicated to advancing research, fostering innovation, and driving impactful projects. Our mission is to create a vibrant ecosystem that bridges the gap between academic research and industry needs, supporting the growth of startups and entrepreneurial ventures. At RIPITT, we believe in developing innovative solutions to real-world challenges, nurturing interdisciplinary collaboration, and promoting sustainable and eco-friendly technologies. Our robust incubation environment offers startups the essential tools, mentorship, and resources needed to transform their ideas into successful businesses. We are excited about the journey ahead and the opportunities to make significant contributions to science, technology, and society. I invite you to explore our initiatives, participate in our programs, and join us in shaping the future of innovation and research. Best regards, Dr. Sanjay Saxena CEO, RIPITT Foundation IIIT Bhubaneswar"
"Who is the RIPITT Foundation affiliated with?","The RIPITT Foundation is affiliated with IIIT Bhubaneswar."
"What type of company is the RIPITT Foundation?","The RIPITT Foundation is a Section 8 company."
"What are the main activities of the RIPITT Foundation?","The RIPITT Foundation focuses on fostering research, innovation, projects, incubation, and technology transfer."
"How does the RIPITT Foundation support startups?","The RIPITT Foundation creates a dynamic ecosystem that bridges academic research with industry needs, supporting startups and entrepreneurial ventures."
"What is the mission of the RIPITT Foundation?","The mission of the RIPITT Foundation is to develop innovative solutions to real-world challenges, promote interdisciplinary collaboration, and drive sustainable technological advancements."
"Who is the CEO of RIPITT Foundation?","Dr. Sanjay Saxena"
"Who are the members of the Board of Directors?","Prof. Ashish Ghosh, Dr. Debashish Jena, Dr. Sanjay Saxena"
"What are the areas of expertise for Puspanjali Mohapatra?","Coding, Healthcare Innovations"
"Which mentor specializes in IoT and electronics and electrical design?","Kshirod Kumar Rout"
"Who focuses on renewable energy and embedded system design among the mentors?","Kshirod Kumar Rout"
"Which mentor is known for expertise in IoT and Electric Vehicles (EV)?","Arun Kumar Sahoo"
"Who among the mentors specializes in coding?","Sumanta Kumar Nanda"
"Which mentor has expertise in Renewable Energy System and Power Quality?","Umamani Subudhi"
"Who is involved in Software Development and IoT?","Bharati Mishar"
"Who focuses on Power System Protection and Power Quality?","Debani Prasad Mishra"
"Which mentor specializes in Chip Level Design?","Pradyut Kumar Biswal"
"Who has expertise in IoT, Healthcare Innovations, and Chip Level Design?","Sanjeev Kumar Mishra"
"Which mentor is skilled in System Architecture Designs and Microelectronics?","Venkata Sridhar.T"
"Who develops Sensing/Measuring instruments?","Arpit Sourav Mohapatra"
"Which mentor focuses on Robotics and IoT?","Dr. Deepak Kumar Rout"
"Who on the Board of Directors is also the CEO?","Dr. Sanjay Saxena"
"What are the areas of expertise for Bharati Mishar?","Software Development, IoT, Coding"
"Which mentor is involved in VLSI Design?","Venkata Sridhar.T"
"Who among the mentors is known for expertise in Power Quality and EV?","Debani Prasad Mishra"
"Which mentor specializes in Healthcare Innovations?","Sanjeev Kumar Mishra"
"How many mentors are listed?","12"
"What is the RIPITT Foundation?","The RIPITT Foundation is a Section 8 company based at IIIT Bhubaneswar focused on advancing research, fostering innovation, supporting startups, and facilitating technology transfer."
"Where is the RIPITT Foundation located?","The RIPITT Foundation is located at B104, IIIT Bhubaneswar, Gothapatna, Odisha, India 751003."
"What are the working hours of the RIPITT Foundation?","Monday to Friday: 10:00 am to 5:00 pm; Saturday to Sunday: 12:00 am to 6:00 pm."
"How can I get in touch with the RIPITT Foundation?","You can email us at ripitt@iiit-bh.ac.in or call +918316436500."
"What is the mission of the RIPITT Foundation?","Our mission is to bridge the gap between academic research and industry needs, promote interdisciplinary collaboration, and drive sustainable technological advancements."
"How can I get involved with the RIPITT Foundation?","You can get involved by exploring collaboration opportunities, participating in our programs, or contacting us for partnership information."
"What types of research projects does the RIPITT Foundation undertake?","We undertake innovative research projects addressing real-world challenges in education and technology, utilizing an interdisciplinary approach."
"How does the RIPITT Foundation support startups?","We provide incubation support, mentorship, funding resources, and access to state-of-the-art facilities to help startups succeed."
"What facilities are available at the Techfront Incubation Center?","The center offers co-working spaces, prototyping labs, and meeting rooms equipped with the latest technology."
"What is technology transfer at the RIPITT Foundation?","Technology transfer involves facilitating the movement of innovative technologies from research to practical applications through partnerships and commercialization support."
"How does RIPITT Foundation manage intellectual property?","We provide guidance on IP rights, portfolio management, patent and trademark services, copyright protection, and compliance."
"Can I apply for funding through RIPITT Foundation?","Yes, we offer support and resources to help researchers and startups secure funding for their projects."
"What are the benefits of partnering with RIPITT Foundation?","Partnerships provide access to expertise, resources, funding, and collaborative opportunities to drive innovation and address complex challenges."
"What kind of mentorship does the Techfront Incubation Center offer?","Mentorship includes business development advice, technical guidance, and strategic support to help startups grow."
"How do I apply for incubation support at Techfront?","Interested startups can apply through our website or contact us directly for application details."
"What are the key areas of focus for RIPITT Foundation's research?","Our focus areas include education technology, interdisciplinary research, sustainable technologies, and real-world problem-solving."
"How does RIPITT Foundation contribute to academic collaboration?","We engage in research exchange programs, joint initiatives, and collaborations with global academic institutions."
"What are the goals of RIPITT Foundation’s thought leadership efforts?","Our goal is to contribute to global discussions on education and technology through publications, presentations, and conferences."
"How can startups benefit from strategic partnerships facilitated by RIPITT Foundation?","Startups gain access to industry expertise, market opportunities, and valuable resources through our strategic partnerships."
"What types of workshops does RIPITT Foundation offer?","We offer workshops on various topics, including business development, marketing strategies, IP management, and academic writing."
"How does RIPITT Foundation support technology commercialization?","We provide market research, product development assistance, funding opportunities, and marketing strategies to help bring innovations to market."
